Colour,Firm Short,Firm,Year,Month-text,Month,Year-month,MA impact on SCR orig,Impact MA to 0 on SCR
#211f20,Rot,Rothesay,2023,Dec,12,2023-12," £7,499,024,000 ",7499024000
#211f20,Rot,Rothesay,2023,Nov,11,2023-11," £7,336,050,167 ",7336050167
#211f20,Rot,Rothesay,2023,Oct,10,2023-10," £7,173,076,333 ",7173076333
#211f20,Rot,Rothesay,2023,Sep,9,2023-9," £7,010,102,500 ",7010102500
#211f20,Rot,Rothesay,2023,Aug,8,2023-8," £6,847,128,667 ",6847128667
#211f20,Rot,Rothesay,2023,Jul,7,2023-7," £6,684,154,833 ",6684154833
#211f20,Rot,Rothesay,2023,Jun,6,2023-6," £6,521,181,000 ",6521181000
#211f20,Rot,Rothesay,2023,May,5,2023-5," £6,358,207,167 ",6358207167
#211f20,Rot,Rothesay,2023,Apr,4,2023-4," £6,195,233,333 ",6195233333
#211f20,Rot,Rothesay,2023,Mar,3,2023-3," £6,032,259,500 ",6032259500
#211f20,Rot,Rothesay,2023,Feb,2,2023-2," £5,869,285,667 ",5869285667
#211f20,Rot,Rothesay,2023,Jan,1,2023-1," £5,706,311,833 ",5706311833
#211f20,Rot,Rothesay,2022,Dec,12,2022-12," £5,543,338,000 ",5543338000
#211f20,Rot,Rothesay,2022,Nov,11,2022-11," £5,635,955,917 ",5635955917
#211f20,Rot,Rothesay,2022,Oct,10,2022-10," £5,728,573,833 ",5728573833
#211f20,Rot,Rothesay,2022,Sep,9,2022-9," £5,821,191,750 ",5821191750
#211f20,Rot,Rothesay,2022,Aug,8,2022-8," £5,913,809,667 ",5913809667
#211f20,Rot,Rothesay,2022,Jul,7,2022-7," £6,006,427,583 ",6006427583
#211f20,Rot,Rothesay,2022,Jun,6,2022-6," £6,099,045,500 ",6099045500
#211f20,Rot,Rothesay,2022,May,5,2022-5," £6,191,663,417 ",6191663417
#211f20,Rot,Rothesay,2022,Apr,4,2022-4," £6,284,281,333 ",6284281333
#211f20,Rot,Rothesay,2022,Mar,3,2022-3," £6,376,899,250 ",6376899250
#211f20,Rot,Rothesay,2022,Feb,2,2022-2," £6,469,517,167 ",6469517167
#211f20,Rot,Rothesay,2022,Jan,1,2022-1," £6,562,135,083 ",6562135083
#211f20,Rot,Rothesay,2021,Dec,12,2021-12," £6,654,753,000 ",6654753000
#211f20,Rot,Rothesay,2021,Nov,11,2021-11," £6,647,006,333 ",6647006333
#211f20,Rot,Rothesay,2021,Oct,10,2021-10," £6,639,259,667 ",6639259667
#211f20,Rot,Rothesay,2021,Sep,9,2021-9," £6,631,513,000 ",6631513000
#211f20,Rot,Rothesay,2021,Aug,8,2021-8," £6,623,766,333 ",6623766333
#211f20,Rot,Rothesay,2021,Jul,7,2021-7," £6,616,019,667 ",6616019667
#211f20,Rot,Rothesay,2021,Jun,6,2021-6," £6,608,273,000 ",6608273000
#211f20,Rot,Rothesay,2021,May,5,2021-5," £6,600,526,333 ",6600526333
#211f20,Rot,Rothesay,2021,Apr,4,2021-4," £6,592,779,667 ",6592779667
#211f20,Rot,Rothesay,2021,Mar,3,2021-3," £6,585,033,000 ",6585033000
#211f20,Rot,Rothesay,2021,Feb,2,2021-2," £6,577,286,333 ",6577286333
#211f20,Rot,Rothesay,2021,Jan,1,2021-1," £6,569,539,667 ",6569539667
#211f20,Rot,Rothesay,2020,Dec,12,2020-12," £6,561,793,000 ",6561793000
#211f20,Rot,Rothesay,2020,Nov,11,2020-11," £6,473,703,333 ",6473703333
#211f20,Rot,Rothesay,2020,Oct,10,2020-10," £6,385,613,667 ",6385613667
#211f20,Rot,Rothesay,2020,Sep,9,2020-9," £6,297,524,000 ",6297524000
#211f20,Rot,Rothesay,2020,Aug,8,2020-8," £6,209,434,333 ",6209434333
#211f20,Rot,Rothesay,2020,Jul,7,2020-7," £6,121,344,667 ",6121344667
#211f20,Rot,Rothesay,2020,Jun,6,2020-6," £6,033,255,000 ",6033255000
#211f20,Rot,Rothesay,2020,May,5,2020-5," £5,945,165,333 ",5945165333
#211f20,Rot,Rothesay,2020,Apr,4,2020-4," £5,857,075,667 ",5857075667
#211f20,Rot,Rothesay,2020,Mar,3,2020-3," £5,768,986,000 ",5768986000
#211f20,Rot,Rothesay,2020,Feb,2,2020-2," £5,680,896,333 ",5680896333
#211f20,Rot,Rothesay,2020,Jan,1,2020-1," £5,592,806,667 ",5592806667
#211f20,Rot,Rothesay,2019,Dec,12,2019-12," £5,504,717,000 ",5504717000
#211f20,Rot,Rothesay,2019,Nov,11,2019-11," £5,386,663,333 ",5386663333
#211f20,Rot,Rothesay,2019,Oct,10,2019-10," £5,268,609,667 ",5268609667
#211f20,Rot,Rothesay,2019,Sep,9,2019-9," £5,150,556,000 ",5150556000
#211f20,Rot,Rothesay,2019,Aug,8,2019-8," £5,032,502,333 ",5032502333
#211f20,Rot,Rothesay,2019,Jul,7,2019-7," £4,914,448,667 ",4914448667
#211f20,Rot,Rothesay,2019,Jun,6,2019-6," £4,796,395,000 ",4796395000
#211f20,Rot,Rothesay,2019,May,5,2019-5," £4,678,341,333 ",4678341333
#211f20,Rot,Rothesay,2019,Apr,4,2019-4," £4,560,287,667 ",4560287667
#211f20,Rot,Rothesay,2019,Mar,3,2019-3," £4,442,234,000 ",4442234000
#211f20,Rot,Rothesay,2019,Feb,2,2019-2," £4,324,180,333 ",4324180333
#211f20,Rot,Rothesay,2019,Jan,1,2019-1," £4,206,126,667 ",4206126667
#211f20,Rot,Rothesay,2018,Dec,12,2018-12," £4,088,073,000 ",4088073000
#211f20,Rot,Rothesay,2018,Nov,11,2018-11," £3,809,325,583 ",3809325583
#211f20,Rot,Rothesay,2018,Oct,10,2018-10," £3,530,578,167 ",3530578167
#211f20,Rot,Rothesay,2018,Sep,9,2018-9," £3,251,830,750 ",3251830750
#211f20,Rot,Rothesay,2018,Aug,8,2018-8," £2,973,083,333 ",2973083333
#211f20,Rot,Rothesay,2018,Jul,7,2018-7," £2,694,335,917 ",2694335917
#211f20,Rot,Rothesay,2018,Jun,6,2018-6," £2,415,588,500 ",2415588500
#211f20,Rot,Rothesay,2018,May,5,2018-5," £2,136,841,083 ",2136841083
#211f20,Rot,Rothesay,2018,Apr,4,2018-4," £1,858,093,667 ",1858093667
#211f20,Rot,Rothesay,2018,Mar,3,2018-3," £1,579,346,250 ",1579346250
#211f20,Rot,Rothesay,2018,Feb,2,2018-2," £1,300,598,833 ",1300598833
#211f20,Rot,Rothesay,2018,Jan,1,2018-1," £1,021,851,417 ",1021851417
#211f20,Rot,Rothesay,2017,Dec,12,2017-12," £743,104,000 ",743104000
#211f20,Rot,Rothesay,2017,Nov,11,2017-11," £753,396,417 ",753396417
#211f20,Rot,Rothesay,2017,Oct,10,2017-10," £763,688,833 ",763688833
#211f20,Rot,Rothesay,2017,Sep,9,2017-9," £773,981,250 ",773981250
#211f20,Rot,Rothesay,2017,Aug,8,2017-8," £784,273,667 ",784273667
#211f20,Rot,Rothesay,2017,Jul,7,2017-7," £794,566,083 ",794566083
#211f20,Rot,Rothesay,2017,Jun,6,2017-6," £804,858,500 ",804858500
#211f20,Rot,Rothesay,2017,May,5,2017-5," £815,150,917 ",815150917
#211f20,Rot,Rothesay,2017,Apr,4,2017-4," £825,443,333 ",825443333
#211f20,Rot,Rothesay,2017,Mar,3,2017-3," £835,735,750 ",835735750
#211f20,Rot,Rothesay,2017,Feb,2,2017-2," £846,028,167 ",846028167
#211f20,Rot,Rothesay,2017,Jan,1,2017-1," £856,320,583 ",856320583
#211f20,Rot,Rothesay,2016,Dec,12,2016-12," £866,613,000 ",866613000
#EEC62B,PIC,PIC,2023,Dec,12,2023-12," £5,346,243,154 ",5346243154
#EEC62B,PIC,PIC,2023,Nov,11,2023-11," £5,248,370,123 ",5248370123
#EEC62B,PIC,PIC,2023,Oct,10,2023-10," £5,150,497,092 ",5150497092
#EEC62B,PIC,PIC,2023,Sep,9,2023-9," £5,052,624,061 ",5052624061
#EEC62B,PIC,PIC,2023,Aug,8,2023-8," £4,954,751,029 ",4954751029
#EEC62B,PIC,PIC,2023,Jul,7,2023-7," £4,856,877,998 ",4856877998
#EEC62B,PIC,PIC,2023,Jun,6,2023-6," £4,759,004,967 ",4759004967
#EEC62B,PIC,PIC,2023,May,5,2023-5," £4,661,131,936 ",4661131936
#EEC62B,PIC,PIC,2023,Apr,4,2023-4," £4,563,258,905 ",4563258905
#EEC62B,PIC,PIC,2023,Mar,3,2023-3," £4,465,385,874 ",4465385874
#EEC62B,PIC,PIC,2023,Feb,2,2023-2," £4,367,512,842 ",4367512842
#EEC62B,PIC,PIC,2023,Jan,1,2023-1," £4,269,639,811 ",4269639811
#EEC62B,PIC,PIC,2022,Dec,12,2022-12," £4,171,766,780 ",4171766780
#EEC62B,PIC,PIC,2022,Nov,11,2022-11," £4,333,836,067 ",4333836067
#EEC62B,PIC,PIC,2022,Oct,10,2022-10," £4,495,905,354 ",4495905354
#EEC62B,PIC,PIC,2022,Sep,9,2022-9," £4,657,974,640 ",4657974640
#EEC62B,PIC,PIC,2022,Aug,8,2022-8," £4,820,043,927 ",4820043927
#EEC62B,PIC,PIC,2022,Jul,7,2022-7," £4,982,113,214 ",4982113214
#EEC62B,PIC,PIC,2022,Jun,6,2022-6," £5,144,182,501 ",5144182501
#EEC62B,PIC,PIC,2022,May,5,2022-5," £5,306,251,787 ",5306251787
#EEC62B,PIC,PIC,2022,Apr,4,2022-4," £5,468,321,074 ",5468321074
#EEC62B,PIC,PIC,2022,Mar,3,2022-3," £5,630,390,361 ",5630390361
#EEC62B,PIC,PIC,2022,Feb,2,2022-2," £5,792,459,648 ",5792459648
#EEC62B,PIC,PIC,2022,Jan,1,2022-1," £5,954,528,934 ",5954528934
#EEC62B,PIC,PIC,2021,Dec,12,2021-12," £6,116,598,221 ",6116598221
#EEC62B,PIC,PIC,2021,Nov,11,2021-11," £6,098,075,062 ",6098075062
#EEC62B,PIC,PIC,2021,Oct,10,2021-10," £6,079,551,902 ",6079551902
#EEC62B,PIC,PIC,2021,Sep,9,2021-9," £6,061,028,743 ",6061028743
#EEC62B,PIC,PIC,2021,Aug,8,2021-8," £6,042,505,583 ",6042505583
#EEC62B,PIC,PIC,2021,Jul,7,2021-7," £6,023,982,424 ",6023982424
#EEC62B,PIC,PIC,2021,Jun,6,2021-6," £6,005,459,264 ",6005459264
#EEC62B,PIC,PIC,2021,May,5,2021-5," £5,986,936,105 ",5986936105
#EEC62B,PIC,PIC,2021,Apr,4,2021-4," £5,968,412,945 ",5968412945
#EEC62B,PIC,PIC,2021,Mar,3,2021-3," £5,949,889,786 ",5949889786
#EEC62B,PIC,PIC,2021,Feb,2,2021-2," £5,931,366,626 ",5931366626
#EEC62B,PIC,PIC,2021,Jan,1,2021-1," £5,912,843,467 ",5912843467
#EEC62B,PIC,PIC,2020,Dec,12,2020-12," £5,894,320,307 ",5894320307
#EEC62B,PIC,PIC,2020,Nov,11,2020-11," £5,814,417,184 ",5814417184
#EEC62B,PIC,PIC,2020,Oct,10,2020-10," £5,734,514,061 ",5734514061
#EEC62B,PIC,PIC,2020,Sep,9,2020-9," £5,654,610,938 ",5654610938
#EEC62B,PIC,PIC,2020,Aug,8,2020-8," £5,574,707,815 ",5574707815
#EEC62B,PIC,PIC,2020,Jul,7,2020-7," £5,494,804,692 ",5494804692
#EEC62B,PIC,PIC,2020,Jun,6,2020-6," £5,414,901,569 ",5414901569
#EEC62B,PIC,PIC,2020,May,5,2020-5," £5,334,998,445 ",5334998445
#EEC62B,PIC,PIC,2020,Apr,4,2020-4," £5,255,095,322 ",5255095322
#EEC62B,PIC,PIC,2020,Mar,3,2020-3," £5,175,192,199 ",5175192199
#EEC62B,PIC,PIC,2020,Feb,2,2020-2," £5,095,289,076 ",5095289076
#EEC62B,PIC,PIC,2020,Jan,1,2020-1," £5,015,385,953 ",5015385953
#EEC62B,PIC,PIC,2019,Dec,12,2019-12," £4,935,482,830 ",4935482830
#EEC62B,PIC,PIC,2019,Nov,11,2019-11," £4,836,637,791 ",4836637791
#EEC62B,PIC,PIC,2019,Oct,10,2019-10," £4,737,792,753 ",4737792753
#EEC62B,PIC,PIC,2019,Sep,9,2019-9," £4,638,947,714 ",4638947714
#EEC62B,PIC,PIC,2019,Aug,8,2019-8," £4,540,102,675 ",4540102675
#EEC62B,PIC,PIC,2019,Jul,7,2019-7," £4,441,257,636 ",4441257636
#EEC62B,PIC,PIC,2019,Jun,6,2019-6," £4,342,412,598 ",4342412598
#EEC62B,PIC,PIC,2019,May,5,2019-5," £4,243,567,559 ",4243567559
#EEC62B,PIC,PIC,2019,Apr,4,2019-4," £4,144,722,520 ",4144722520
#EEC62B,PIC,PIC,2019,Mar,3,2019-3," £4,045,877,481 ",4045877481
#EEC62B,PIC,PIC,2019,Feb,2,2019-2," £3,947,032,443 ",3947032443
#EEC62B,PIC,PIC,2019,Jan,1,2019-1," £3,848,187,404 ",3848187404
#EEC62B,PIC,PIC,2018,Dec,12,2018-12," £3,749,342,365 ",3749342365
#EEC62B,PIC,PIC,2018,Nov,11,2018-11," £3,690,325,344 ",3690325344
#EEC62B,PIC,PIC,2018,Oct,10,2018-10," £3,631,308,323 ",3631308323
#EEC62B,PIC,PIC,2018,Sep,9,2018-9," £3,572,291,302 ",3572291302
#EEC62B,PIC,PIC,2018,Aug,8,2018-8," £3,513,274,280 ",3513274280
#EEC62B,PIC,PIC,2018,Jul,7,2018-7," £3,454,257,259 ",3454257259
#EEC62B,PIC,PIC,2018,Jun,6,2018-6," £3,395,240,238 ",3395240238
#EEC62B,PIC,PIC,2018,May,5,2018-5," £3,336,223,217 ",3336223217
#EEC62B,PIC,PIC,2018,Apr,4,2018-4," £3,277,206,196 ",3277206196
#EEC62B,PIC,PIC,2018,Mar,3,2018-3," £3,218,189,175 ",3218189175
#EEC62B,PIC,PIC,2018,Feb,2,2018-2," £3,159,172,153 ",3159172153
#EEC62B,PIC,PIC,2018,Jan,1,2018-1," £3,100,155,132 ",3100155132
#EEC62B,PIC,PIC,2017,Dec,12,2017-12," £3,041,138,111 ",3041138111
#EEC62B,PIC,PIC,2017,Nov,11,2017-11," £3,017,103,621 ",3017103621
#EEC62B,PIC,PIC,2017,Oct,10,2017-10," £2,993,069,132 ",2993069132
#EEC62B,PIC,PIC,2017,Sep,9,2017-9," £2,969,034,642 ",2969034642
#EEC62B,PIC,PIC,2017,Aug,8,2017-8," £2,945,000,152 ",2945000152
#EEC62B,PIC,PIC,2017,Jul,7,2017-7," £2,920,965,663 ",2920965663
#EEC62B,PIC,PIC,2017,Jun,6,2017-6," £2,896,931,173 ",2896931173
#EEC62B,PIC,PIC,2017,May,5,2017-5," £2,872,896,683 ",2872896683
#EEC62B,PIC,PIC,2017,Apr,4,2017-4," £2,848,862,194 ",2848862194
#EEC62B,PIC,PIC,2017,Mar,3,2017-3," £2,824,827,704 ",2824827704
#EEC62B,PIC,PIC,2017,Feb,2,2017-2," £2,800,793,214 ",2800793214
#EEC62B,PIC,PIC,2017,Jan,1,2017-1," £2,776,758,725 ",2776758725
#EEC62B,PIC,PIC,2016,Dec,12,2016-12," £2,752,724,235 ",2752724235
#4376D4,L&G,L&G,2023,Dec,12,2023-12," £12,772,918,000 ",12772918000
#4376D4,L&G,L&G,2023,Nov,11,2023-11," £12,685,001,083 ",12685001083.3333
#4376D4,L&G,L&G,2023,Oct,10,2023-10," £12,597,084,167 ",12597084166.6667
#4376D4,L&G,L&G,2023,Sep,9,2023-9," £12,509,167,250 ",12509167250
#4376D4,L&G,L&G,2023,Aug,8,2023-8," £12,421,250,333 ",12421250333.3333
#4376D4,L&G,L&G,2023,Jul,7,2023-7," £12,333,333,417 ",12333333416.6667
#4376D4,L&G,L&G,2023,Jun,6,2023-6," £12,245,416,500 ",12245416500
#4376D4,L&G,L&G,2023,May,5,2023-5," £12,157,499,583 ",12157499583.3333
#4376D4,L&G,L&G,2023,Apr,4,2023-4," £12,069,582,667 ",12069582666.6667
#4376D4,L&G,L&G,2023,Mar,3,2023-3," £11,981,665,750 ",11981665750
#4376D4,L&G,L&G,2023,Feb,2,2023-2," £11,893,748,833 ",11893748833.3333
#4376D4,L&G,L&G,2023,Jan,1,2023-1," £11,805,831,917 ",11805831916.6667
#4376D4,L&G,L&G,2022,Dec,12,2022-12," £11,717,915,000 ",11717915000
#4376D4,L&G,L&G,2022,Nov,11,2022-11," £12,126,879,500 ",12126879500
#4376D4,L&G,L&G,2022,Oct,10,2022-10," £12,535,844,000 ",12126879500
#4376D4,L&G,L&G,2022,Sep,9,2022-9," £12,944,808,500 ",12535844000
#4376D4,L&G,L&G,2022,Aug,8,2022-8," £13,353,773,000 ",12944808500
#4376D4,L&G,L&G,2022,Jul,7,2022-7," £13,762,737,500 ",13353773000
#4376D4,L&G,L&G,2022,Jun,6,2022-6," £14,171,702,000 ",13762737500
#4376D4,L&G,L&G,2022,May,5,2022-5," £14,580,666,500 ",14171702000
#4376D4,L&G,L&G,2022,Apr,4,2022-4," £14,989,631,000 ",14580666500
#4376D4,L&G,L&G,2022,Mar,3,2022-3," £15,398,595,500 ",14989631000
#4376D4,L&G,L&G,2022,Feb,2,2022-2," £15,807,560,000 ",15398595500
#4376D4,L&G,L&G,2022,Jan,1,2022-1," £16,216,524,500 ",15807560000
#4376D4,L&G,L&G,2021,Dec,12,2021-12," £16,625,489,000 ",16625489000
#4376D4,L&G,L&G,2021,Nov,11,2021-11," £16,495,873,167 ",16495873167
#4376D4,L&G,L&G,2021,Oct,10,2021-10," £16,366,257,333 ",16366257333
#4376D4,L&G,L&G,2021,Sep,9,2021-9," £16,236,641,500 ",16236641500
#4376D4,L&G,L&G,2021,Aug,8,2021-8," £16,107,025,667 ",16107025667
#4376D4,L&G,L&G,2021,Jul,7,2021-7," £15,977,409,833 ",15977409833
#4376D4,L&G,L&G,2021,Jun,6,2021-6," £15,847,794,000 ",15847794000
#4376D4,L&G,L&G,2021,May,5,2021-5," £15,718,178,167 ",15718178167
#4376D4,L&G,L&G,2021,Apr,4,2021-4," £15,588,562,333 ",15588562333
#4376D4,L&G,L&G,2021,Mar,3,2021-3," £15,458,946,500 ",15458946500
#4376D4,L&G,L&G,2021,Feb,2,2021-2," £15,329,330,667 ",15329330667
#4376D4,L&G,L&G,2021,Jan,1,2021-1," £15,199,714,833 ",15199714833
#4376D4,L&G,L&G,2020,Dec,12,2020-12," £15,070,099,000 ",15070099000
#4376D4,L&G,L&G,2020,Nov,11,2020-11," £14,919,154,500 ",14919154500
#4376D4,L&G,L&G,2020,Oct,10,2020-10," £14,768,210,000 ",14768210000
#4376D4,L&G,L&G,2020,Sep,9,2020-9," £14,617,265,500 ",14617265500
#4376D4,L&G,L&G,2020,Aug,8,2020-8," £14,466,321,000 ",14466321000
#4376D4,L&G,L&G,2020,Jul,7,2020-7," £14,315,376,500 ",14315376500
#4376D4,L&G,L&G,2020,Jun,6,2020-6," £14,164,432,000 ",14164432000
#4376D4,L&G,L&G,2020,May,5,2020-5," £14,013,487,500 ",14013487500
#4376D4,L&G,L&G,2020,Apr,4,2020-4," £13,862,543,000 ",13862543000
#4376D4,L&G,L&G,2020,Mar,3,2020-3," £13,711,598,500 ",13711598500
#4376D4,L&G,L&G,2020,Feb,2,2020-2," £13,560,654,000 ",13560654000
#4376D4,L&G,L&G,2020,Jan,1,2020-1," £13,409,709,500 ",13409709500
#4376D4,L&G,L&G,2019,Dec,12,2019-12," £13,258,765,000 ",13258765000
#4376D4,L&G,L&G,2019,Nov,11,2019-11," £13,034,126,750 ",13034126750
#4376D4,L&G,L&G,2019,Oct,10,2019-10," £12,809,488,500 ",12809488500
#4376D4,L&G,L&G,2019,Sep,9,2019-9," £12,584,850,250 ",12584850250
#4376D4,L&G,L&G,2019,Aug,8,2019-8," £12,360,212,000 ",12360212000
#4376D4,L&G,L&G,2019,Jul,7,2019-7," £12,135,573,750 ",12135573750
#4376D4,L&G,L&G,2019,Jun,6,2019-6," £11,910,935,500 ",11910935500
#4376D4,L&G,L&G,2019,May,5,2019-5," £11,686,297,250 ",11686297250
#4376D4,L&G,L&G,2019,Apr,4,2019-4," £11,461,659,000 ",11461659000
#4376D4,L&G,L&G,2019,Mar,3,2019-3," £11,237,020,750 ",11237020750
#4376D4,L&G,L&G,2019,Feb,2,2019-2," £11,012,382,500 ",11012382500
#4376D4,L&G,L&G,2019,Jan,1,2019-1," £10,787,744,250 ",10787744250
#4376D4,L&G,L&G,2018,Dec,12,2018-12," £10,563,106,000 ",10563106000
#4376D4,L&G,L&G,2018,Nov,11,2018-11," £10,558,111,000 ",10558111000
#4376D4,L&G,L&G,2018,Oct,10,2018-10," £10,553,116,000 ",10553116000
#4376D4,L&G,L&G,2018,Sep,9,2018-9," £10,548,121,000 ",10548121000
#4376D4,L&G,L&G,2018,Aug,8,2018-8," £10,543,126,000 ",10543126000
#4376D4,L&G,L&G,2018,Jul,7,2018-7," £10,538,131,000 ",10538131000
#4376D4,L&G,L&G,2018,Jun,6,2018-6," £10,533,136,000 ",10533136000
#4376D4,L&G,L&G,2018,May,5,2018-5," £10,528,141,000 ",10528141000
#4376D4,L&G,L&G,2018,Apr,4,2018-4," £10,523,146,000 ",10523146000
#4376D4,L&G,L&G,2018,Mar,3,2018-3," £10,518,151,000 ",10518151000
#4376D4,L&G,L&G,2018,Feb,2,2018-2," £10,513,156,000 ",10513156000
#4376D4,L&G,L&G,2018,Jan,1,2018-1," £10,508,161,000 ",10508161000
#4376D4,L&G,L&G,2017,Dec,12,2017-12," £10,503,166,000 ",10503166000
#4376D4,L&G,L&G,2017,Nov,11,2017-11," £10,424,577,833 ",10424577833
#4376D4,L&G,L&G,2017,Oct,10,2017-10," £10,345,989,667 ",10345989667
#4376D4,L&G,L&G,2017,Sep,9,2017-9," £10,267,401,500 ",10267401500
#4376D4,L&G,L&G,2017,Aug,8,2017-8," £10,188,813,333 ",10188813333
#4376D4,L&G,L&G,2017,Jul,7,2017-7," £10,110,225,167 ",10110225167
#4376D4,L&G,L&G,2017,Jun,6,2017-6," £10,031,637,000 ",10031637000
#4376D4,L&G,L&G,2017,May,5,2017-5," £9,953,048,833 ",9953048833
#4376D4,L&G,L&G,2017,Apr,4,2017-4," £9,874,460,667 ",9874460667
#4376D4,L&G,L&G,2017,Mar,3,2017-3," £9,795,872,500 ",9795872500
#4376D4,L&G,L&G,2017,Feb,2,2017-2," £9,717,284,333 ",9717284333
#4376D4,L&G,L&G,2017,Jan,1,2017-1," £9,638,696,167 ",9638696167
#4376D4,L&G,L&G,2016,Dec,12,2016-12," £9,560,108,000 ",9560108000
#59b237,Avi,Aviva,2023,Dec,12,2023-12," £5,438,885,000 ",5438885000
#59b237,Avi,Aviva,2023,Nov,11,2023-11," £5,371,493,417 ",5371493417
#59b237,Avi,Aviva,2023,Oct,10,2023-10," £5,304,101,833 ",5304101833
#59b237,Avi,Aviva,2023,Sep,9,2023-9," £5,236,710,250 ",5236710250
#59b237,Avi,Aviva,2023,Aug,8,2023-8," £5,169,318,667 ",5169318667
#59b237,Avi,Aviva,2023,Jul,7,2023-7," £5,101,927,083 ",5101927083
#59b237,Avi,Aviva,2023,Jun,6,2023-6," £5,034,535,500 ",5034535500
#59b237,Avi,Aviva,2023,May,5,2023-5," £4,967,143,917 ",4967143917
#59b237,Avi,Aviva,2023,Apr,4,2023-4," £4,899,752,333 ",4899752333
#59b237,Avi,Aviva,2023,Mar,3,2023-3," £4,832,360,750 ",4832360750
#59b237,Avi,Aviva,2023,Feb,2,2023-2," £4,764,969,167 ",4764969167
#59b237,Avi,Aviva,2023,Jan,1,2023-1," £4,697,577,583 ",4697577583
#59b237,Avi,Aviva,2022,Dec,12,2022-12," £4,630,186,000 ",4630186000
#59b237,Avi,Aviva,2022,Nov,11,2022-11," £4,761,628,833 ",4761628833
#59b237,Avi,Aviva,2022,Oct,10,2022-10," £4,893,071,667 ",4893071667
#59b237,Avi,Aviva,2022,Sep,9,2022-9," £5,024,514,500 ",5024514500
#59b237,Avi,Aviva,2022,Aug,8,2022-8," £5,155,957,333 ",5155957333
#59b237,Avi,Aviva,2022,Jul,7,2022-7," £5,287,400,167 ",5287400167
#59b237,Avi,Aviva,2022,Jun,6,2022-6," £5,418,843,000 ",5418843000
#59b237,Avi,Aviva,2022,May,5,2022-5," £5,550,285,833 ",5550285833
#59b237,Avi,Aviva,2022,Apr,4,2022-4," £5,681,728,667 ",5681728667
#59b237,Avi,Aviva,2022,Mar,3,2022-3," £5,813,171,500 ",5813171500
#59b237,Avi,Aviva,2022,Feb,2,2022-2," £5,944,614,333 ",5944614333
#59b237,Avi,Aviva,2022,Jan,1,2022-1," £6,076,057,167 ",6076057167
#59b237,Avi,Aviva,2021,Dec,12,2021-12," £6,207,500,000 ",6207500000
#59b237,Avi,Aviva,2021,Nov,11,2021-11," £6,273,628,000 ",6273628000
#59b237,Avi,Aviva,2021,Oct,10,2021-10," £6,339,756,000 ",6339756000
#59b237,Avi,Aviva,2021,Sep,9,2021-9," £6,405,884,000 ",6405884000
#59b237,Avi,Aviva,2021,Aug,8,2021-8," £6,472,012,000 ",6472012000
#59b237,Avi,Aviva,2021,Jul,7,2021-7," £6,538,140,000 ",6538140000
#59b237,Avi,Aviva,2021,Jun,6,2021-6," £6,604,268,000 ",6604268000
#59b237,Avi,Aviva,2021,May,5,2021-5," £6,670,396,000 ",6670396000
#59b237,Avi,Aviva,2021,Apr,4,2021-4," £6,736,524,000 ",6736524000
#59b237,Avi,Aviva,2021,Mar,3,2021-3," £6,802,652,000 ",6802652000
#59b237,Avi,Aviva,2021,Feb,2,2021-2," £6,868,780,000 ",6868780000
#59b237,Avi,Aviva,2021,Jan,1,2021-1," £6,934,908,000 ",6934908000
#59b237,Avi,Aviva,2020,Dec,12,2020-12," £7,001,036,000 ",7001036000
#59b237,Avi,Aviva,2020,Nov,11,2020-11," £6,975,446,417 ",6975446417
#59b237,Avi,Aviva,2020,Oct,10,2020-10," £6,949,856,833 ",6949856833
#59b237,Avi,Aviva,2020,Sep,9,2020-9," £6,924,267,250 ",6924267250
#59b237,Avi,Aviva,2020,Aug,8,2020-8," £6,898,677,667 ",6898677667
#59b237,Avi,Aviva,2020,Jul,7,2020-7," £6,873,088,083 ",6873088083
#59b237,Avi,Aviva,2020,Jun,6,2020-6," £6,847,498,500 ",6847498500
#59b237,Avi,Aviva,2020,May,5,2020-5," £6,821,908,917 ",6821908917
#59b237,Avi,Aviva,2020,Apr,4,2020-4," £6,796,319,333 ",6796319333
#59b237,Avi,Aviva,2020,Mar,3,2020-3," £6,770,729,750 ",6770729750
#59b237,Avi,Aviva,2020,Feb,2,2020-2," £6,745,140,167 ",6745140167
#59b237,Avi,Aviva,2020,Jan,1,2020-1," £6,719,550,583 ",6719550583
#59b237,Avi,Aviva,2019,Dec,12,2019-12," £6,693,961,000 ",6693961000
#59b237,Avi,Aviva,2019,Nov,11,2019-11," £6,582,535,083 ",6582535083
#59b237,Avi,Aviva,2019,Oct,10,2019-10," £6,471,109,167 ",6471109167
#59b237,Avi,Aviva,2019,Sep,9,2019-9," £6,359,683,250 ",6359683250
#59b237,Avi,Aviva,2019,Aug,8,2019-8," £6,248,257,333 ",6248257333
#59b237,Avi,Aviva,2019,Jul,7,2019-7," £6,136,831,417 ",6136831417
#59b237,Avi,Aviva,2019,Jun,6,2019-6," £6,025,405,500 ",6025405500
#59b237,Avi,Aviva,2019,May,5,2019-5," £5,913,979,583 ",5913979583
#59b237,Avi,Aviva,2019,Apr,4,2019-4," £5,802,553,667 ",5802553667
#59b237,Avi,Aviva,2019,Mar,3,2019-3," £5,691,127,750 ",5691127750
#59b237,Avi,Aviva,2019,Feb,2,2019-2," £5,579,701,833 ",5579701833
#59b237,Avi,Aviva,2019,Jan,1,2019-1," £5,468,275,917 ",5468275917
#59b237,Avi,Aviva,2018,Dec,12,2018-12," £5,356,850,000 ",5356850000
#59b237,Avi,Aviva,2018,Nov,11,2018-11," £5,401,647,167 ",5401647167
#59b237,Avi,Aviva,2018,Oct,10,2018-10," £5,446,444,333 ",5446444333
#59b237,Avi,Aviva,2018,Sep,9,2018-9," £5,491,241,500 ",5491241500
#59b237,Avi,Aviva,2018,Aug,8,2018-8," £5,536,038,667 ",5536038667
#59b237,Avi,Aviva,2018,Jul,7,2018-7," £5,580,835,833 ",5580835833
#59b237,Avi,Aviva,2018,Jun,6,2018-6," £5,625,633,000 ",5625633000
#59b237,Avi,Aviva,2018,May,5,2018-5," £5,670,430,167 ",5670430167
#59b237,Avi,Aviva,2018,Apr,4,2018-4," £5,715,227,333 ",5715227333
#59b237,Avi,Aviva,2018,Mar,3,2018-3," £5,760,024,500 ",5760024500
#59b237,Avi,Aviva,2018,Feb,2,2018-2," £5,804,821,667 ",5804821667
#59b237,Avi,Aviva,2018,Jan,1,2018-1," £5,849,618,833 ",5849618833
#59b237,Avi,Aviva,2017,Dec,12,2017-12," £5,894,416,000 ",5894416000
#59b237,Avi,Aviva,2017,Nov,11,2017-11," £5,947,873,667 ",5947873667
#59b237,Avi,Aviva,2017,Oct,10,2017-10," £6,001,331,333 ",6001331333
#59b237,Avi,Aviva,2017,Sep,9,2017-9," £6,054,789,000 ",6054789000
#59b237,Avi,Aviva,2017,Aug,8,2017-8," £6,108,246,667 ",6108246667
#59b237,Avi,Aviva,2017,Jul,7,2017-7," £6,161,704,333 ",6161704333
#59b237,Avi,Aviva,2017,Jun,6,2017-6," £6,215,162,000 ",6215162000
#59b237,Avi,Aviva,2017,May,5,2017-5," £6,268,619,667 ",6268619667
#59b237,Avi,Aviva,2017,Apr,4,2017-4," £6,322,077,333 ",6322077333
#59b237,Avi,Aviva,2017,Mar,3,2017-3," £6,375,535,000 ",6375535000
#59b237,Avi,Aviva,2017,Feb,2,2017-2," £6,428,992,667 ",6428992667
#59b237,Avi,Aviva,2017,Jan,1,2017-1," £6,482,450,333 ",6482450333
#59b237,Avi,Aviva,2016,Dec,12,2016-12," £6,535,908,000 ",6535908000
#E3827E,Jus,Just Group,2023,Dec,12,2023-12," £3,336,221,000 ",3336221000
#E3827E,Jus,Just Group,2023,Nov,11,2023-11," £3,260,342,750 ",3260342750
#E3827E,Jus,Just Group,2023,Oct,10,2023-10," £3,184,464,500 ",3184464500
#E3827E,Jus,Just Group,2023,Sep,9,2023-9," £3,108,586,250 ",3108586250
#E3827E,Jus,Just Group,2023,Aug,8,2023-8," £3,032,708,000 ",3032708000
#E3827E,Jus,Just Group,2023,Jul,7,2023-7," £2,956,829,750 ",2956829750
#E3827E,Jus,Just Group,2023,Jun,6,2023-6," £2,880,951,500 ",2880951500
#E3827E,Jus,Just Group,2023,May,5,2023-5," £2,805,073,250 ",2805073250
#E3827E,Jus,Just Group,2023,Apr,4,2023-4," £2,729,195,000 ",2729195000
#E3827E,Jus,Just Group,2023,Mar,3,2023-3," £2,653,316,750 ",2653316750
#E3827E,Jus,Just Group,2023,Feb,2,2023-2," £2,577,438,500 ",2577438500
#E3827E,Jus,Just Group,2023,Jan,1,2023-1," £2,501,560,250 ",2501560250
#E3827E,Jus,Just Group,2022,Dec,12,2022-12," £2,425,682,000 ",2425682000
#E3827E,Jus,Just Group,2022,Nov,11,2022-11," £2,399,746,000 ",2399746000
#E3827E,Jus,Just Group,2022,Oct,10,2022-10," £2,373,810,000 ",2373810000
#E3827E,Jus,Just Group,2022,Sep,9,2022-9," £2,347,874,000 ",2347874000
#E3827E,Jus,Just Group,2022,Aug,8,2022-8," £2,321,938,000 ",2321938000
#E3827E,Jus,Just Group,2022,Jul,7,2022-7," £2,296,002,000 ",2296002000
#E3827E,Jus,Just Group,2022,Jun,6,2022-6," £2,270,066,000 ",2270066000
#E3827E,Jus,Just Group,2022,May,5,2022-5," £2,244,130,000 ",2244130000
#E3827E,Jus,Just Group,2022,Apr,4,2022-4," £2,218,194,000 ",2218194000
#E3827E,Jus,Just Group,2022,Mar,3,2022-3," £2,192,258,000 ",2192258000
#E3827E,Jus,Just Group,2022,Feb,2,2022-2," £2,166,322,000 ",2166322000
#E3827E,Jus,Just Group,2022,Jan,1,2022-1," £2,140,386,000 ",2140386000
#E3827E,Jus,Just Group,2021,Dec,12,2021-12," £2,114,450,000 ",2114450000
#E3827E,Jus,Just Group,2021,Nov,11,2021-11," £2,059,301,167 ",2059301167
#E3827E,Jus,Just Group,2021,Oct,10,2021-10," £2,004,152,333 ",2004152333
#E3827E,Jus,Just Group,2021,Sep,9,2021-9," £1,949,003,500 ",1949003500
#E3827E,Jus,Just Group,2021,Aug,8,2021-8," £1,893,854,667 ",1893854667
#E3827E,Jus,Just Group,2021,Jul,7,2021-7," £1,838,705,833 ",1838705833
#E3827E,Jus,Just Group,2021,Jun,6,2021-6," £1,783,557,000 ",1783557000
#E3827E,Jus,Just Group,2021,May,5,2021-5," £1,728,408,167 ",1728408167
#E3827E,Jus,Just Group,2021,Apr,4,2021-4," £1,673,259,333 ",1673259333
#E3827E,Jus,Just Group,2021,Mar,3,2021-3," £1,618,110,500 ",1618110500
#E3827E,Jus,Just Group,2021,Feb,2,2021-2," £1,562,961,667 ",1562961667
#E3827E,Jus,Just Group,2021,Jan,1,2021-1," £1,507,812,833 ",1507812833
#E3827E,Jus,Just Group,2020,Dec,12,2020-12," £1,452,664,000 ",1452664000
#E3827E,Jus,Just Group,2020,Nov,11,2020-11," £1,430,283,083 ",1430283083
#E3827E,Jus,Just Group,2020,Oct,10,2020-10," £1,407,902,167 ",1407902167
#E3827E,Jus,Just Group,2020,Sep,9,2020-9," £1,385,521,250 ",1385521250
#E3827E,Jus,Just Group,2020,Aug,8,2020-8," £1,363,140,333 ",1363140333
#E3827E,Jus,Just Group,2020,Jul,7,2020-7," £1,340,759,417 ",1340759417
#E3827E,Jus,Just Group,2020,Jun,6,2020-6," £1,318,378,500 ",1318378500
#E3827E,Jus,Just Group,2020,May,5,2020-5," £1,295,997,583 ",1295997583
#E3827E,Jus,Just Group,2020,Apr,4,2020-4," £1,273,616,667 ",1273616667
#E3827E,Jus,Just Group,2020,Mar,3,2020-3," £1,251,235,750 ",1251235750
#E3827E,Jus,Just Group,2020,Feb,2,2020-2," £1,228,854,833 ",1228854833
#E3827E,Jus,Just Group,2020,Jan,1,2020-1," £1,206,473,917 ",1206473917
#E3827E,Jus,Just Group,2019,Dec,12,2019-12," £1,184,093,000 ",1184093000
#E3827E,Jus,Just Group,2019,Nov,11,2019-11," £1,172,453,833 ",1172453833
#E3827E,Jus,Just Group,2019,Oct,10,2019-10," £1,160,814,667 ",1160814667
#E3827E,Jus,Just Group,2019,Sep,9,2019-9," £1,149,175,500 ",1149175500
#E3827E,Jus,Just Group,2019,Aug,8,2019-8," £1,137,536,333 ",1137536333
#E3827E,Jus,Just Group,2019,Jul,7,2019-7," £1,125,897,167 ",1125897167
#E3827E,Jus,Just Group,2019,Jun,6,2019-6," £1,114,258,000 ",1114258000
#E3827E,Jus,Just Group,2019,May,5,2019-5," £1,102,618,833 ",1102618833
#E3827E,Jus,Just Group,2019,Apr,4,2019-4," £1,090,979,667 ",1090979667
#E3827E,Jus,Just Group,2019,Mar,3,2019-3," £1,079,340,500 ",1079340500
#E3827E,Jus,Just Group,2019,Feb,2,2019-2," £1,067,701,333 ",1067701333
#E3827E,Jus,Just Group,2019,Jan,1,2019-1," £1,056,062,167 ",1056062167
#E3827E,Jus,Just Group,2018,Dec,12,2018-12," £1,044,423,000 ",1044423000
#E3827E,Jus,Just Group,2018,Nov,11,2018-11," £1,044,234,333 ",1044234333
#E3827E,Jus,Just Group,2018,Oct,10,2018-10," £1,044,045,667 ",1044045667
#E3827E,Jus,Just Group,2018,Sep,9,2018-9," £1,043,857,000 ",1043857000
#E3827E,Jus,Just Group,2018,Aug,8,2018-8," £1,043,668,333 ",1043668333
#E3827E,Jus,Just Group,2018,Jul,7,2018-7," £1,043,479,667 ",1043479667
#E3827E,Jus,Just Group,2018,Jun,6,2018-6," £1,043,291,000 ",1043291000
#E3827E,Jus,Just Group,2018,May,5,2018-5," £1,043,102,333 ",1043102333
#E3827E,Jus,Just Group,2018,Apr,4,2018-4," £1,042,913,667 ",1042913667
#E3827E,Jus,Just Group,2018,Mar,3,2018-3," £1,042,725,000 ",1042725000
#E3827E,Jus,Just Group,2018,Feb,2,2018-2," £1,042,536,333 ",1042536333
#E3827E,Jus,Just Group,2018,Jan,1,2018-1," £1,042,347,667 ",1042347667
#E3827E,Jus,Just Group,2017,Dec,12,2017-12," £1,042,159,000 ",1042159000
#E3827E,Jus,Just Group,2017,Nov,11,2017-11," £1,030,406,333 ",1030406333
#E3827E,Jus,Just Group,2017,Oct,10,2017-10," £1,018,653,667 ",1018653667
#E3827E,Jus,Just Group,2017,Sep,9,2017-9," £1,006,901,000 ",1006901000
#E3827E,Jus,Just Group,2017,Aug,8,2017-8," £995,148,333 ",995148333
#E3827E,Jus,Just Group,2017,Jul,7,2017-7," £983,395,667 ",983395667
#E3827E,Jus,Just Group,2017,Jun,6,2017-6," £971,643,000 ",971643000
#E3827E,Jus,Just Group,2017,May,5,2017-5," £959,890,333 ",959890333
#E3827E,Jus,Just Group,2017,Apr,4,2017-4," £948,137,667 ",948137667
#E3827E,Jus,Just Group,2017,Mar,3,2017-3," £936,385,000 ",936385000
#E3827E,Jus,Just Group,2017,Feb,2,2017-2," £924,632,333 ",924632333
#E3827E,Jus,Just Group,2017,Jan,1,2017-1," £912,879,667 ",912879667
#E3827E,Jus,Just Group,2016,Dec,12,2016-12," £901,127,000 ",901127000
#c72830,Sco,Scottish Widows,2023,Dec,12,2023-12," £3,685,145,000 ",3685145000
#c72830,Sco,Scottish Widows,2023,Nov,11,2023-11," £3,610,211,000 ",3610211000
#c72830,Sco,Scottish Widows,2023,Oct,10,2023-10," £3,535,277,000 ",3535277000
#c72830,Sco,Scottish Widows,2023,Sep,9,2023-9," £3,460,343,000 ",3460343000
#c72830,Sco,Scottish Widows,2023,Aug,8,2023-8," £3,385,409,000 ",3385409000
#c72830,Sco,Scottish Widows,2023,Jul,7,2023-7," £3,310,475,000 ",3310475000
#c72830,Sco,Scottish Widows,2023,Jun,6,2023-6," £3,235,541,000 ",3235541000
#c72830,Sco,Scottish Widows,2023,May,5,2023-5," £3,160,607,000 ",3160607000
#c72830,Sco,Scottish Widows,2023,Apr,4,2023-4," £3,085,673,000 ",3085673000
#c72830,Sco,Scottish Widows,2023,Mar,3,2023-3," £3,010,739,000 ",3010739000
#c72830,Sco,Scottish Widows,2023,Feb,2,2023-2," £2,935,805,000 ",2935805000
#c72830,Sco,Scottish Widows,2023,Jan,1,2023-1," £2,860,871,000 ",2860871000
#c72830,Sco,Scottish Widows,2022,Dec,12,2022-12," £2,785,937,000 ",2785937000
#c72830,Sco,Scottish Widows,2022,Nov,11,2022-11," £2,879,247,167 ",2879247167
#c72830,Sco,Scottish Widows,2022,Oct,10,2022-10," £2,972,557,333 ",2972557333
#c72830,Sco,Scottish Widows,2022,Sep,9,2022-9," £3,065,867,500 ",3065867500
#c72830,Sco,Scottish Widows,2022,Aug,8,2022-8," £3,159,177,667 ",3159177667
#c72830,Sco,Scottish Widows,2022,Jul,7,2022-7," £3,252,487,833 ",3252487833
#c72830,Sco,Scottish Widows,2022,Jun,6,2022-6," £3,345,798,000 ",3345798000
#c72830,Sco,Scottish Widows,2022,May,5,2022-5," £3,439,108,167 ",3439108167
#c72830,Sco,Scottish Widows,2022,Apr,4,2022-4," £3,532,418,333 ",3532418333
#c72830,Sco,Scottish Widows,2022,Mar,3,2022-3," £3,625,728,500 ",3625728500
#c72830,Sco,Scottish Widows,2022,Feb,2,2022-2," £3,719,038,667 ",3719038667
#c72830,Sco,Scottish Widows,2022,Jan,1,2022-1," £3,812,348,833 ",3812348833
#c72830,Sco,Scottish Widows,2021,Dec,12,2021-12," £3,905,659,000 ",3905659000
#c72830,Sco,Scottish Widows,2021,Nov,11,2021-11," £3,970,159,500 ",3970159500
#c72830,Sco,Scottish Widows,2021,Oct,10,2021-10," £4,034,660,000 ",4034660000
#c72830,Sco,Scottish Widows,2021,Sep,9,2021-9," £4,099,160,500 ",4099160500
#c72830,Sco,Scottish Widows,2021,Aug,8,2021-8," £4,163,661,000 ",4163661000
#c72830,Sco,Scottish Widows,2021,Jul,7,2021-7," £4,228,161,500 ",4228161500
#c72830,Sco,Scottish Widows,2021,Jun,6,2021-6," £4,292,662,000 ",4292662000
#c72830,Sco,Scottish Widows,2021,May,5,2021-5," £4,357,162,500 ",4357162500
#c72830,Sco,Scottish Widows,2021,Apr,4,2021-4," £4,421,663,000 ",4421663000
#c72830,Sco,Scottish Widows,2021,Mar,3,2021-3," £4,486,163,500 ",4486163500
#c72830,Sco,Scottish Widows,2021,Feb,2,2021-2," £4,550,664,000 ",4550664000
#c72830,Sco,Scottish Widows,2021,Jan,1,2021-1," £4,615,164,500 ",4615164500
#c72830,Sco,Scottish Widows,2020,Dec,12,2020-12," £4,679,665,000 ",4679665000
#c72830,Sco,Scottish Widows,2020,Nov,11,2020-11," £4,586,395,917 ",4586395917
#c72830,Sco,Scottish Widows,2020,Oct,10,2020-10," £4,493,126,833 ",4493126833
#c72830,Sco,Scottish Widows,2020,Sep,9,2020-9," £4,399,857,750 ",4399857750
#c72830,Sco,Scottish Widows,2020,Aug,8,2020-8," £4,306,588,667 ",4306588667
#c72830,Sco,Scottish Widows,2020,Jul,7,2020-7," £4,213,319,583 ",4213319583
#c72830,Sco,Scottish Widows,2020,Jun,6,2020-6," £4,120,050,500 ",4120050500
#c72830,Sco,Scottish Widows,2020,May,5,2020-5," £4,026,781,417 ",4026781417
#c72830,Sco,Scottish Widows,2020,Apr,4,2020-4," £3,933,512,333 ",3933512333
#c72830,Sco,Scottish Widows,2020,Mar,3,2020-3," £3,840,243,250 ",3840243250
#c72830,Sco,Scottish Widows,2020,Feb,2,2020-2," £3,746,974,167 ",3746974167
#c72830,Sco,Scottish Widows,2020,Jan,1,2020-1," £3,653,705,083 ",3653705083
#c72830,Sco,Scottish Widows,2019,Dec,12,2019-12," £3,560,436,000 ",3560436000
#c72830,Sco,Scottish Widows,2019,Nov,11,2019-11," £3,528,991,667 ",3528991667
#c72830,Sco,Scottish Widows,2019,Oct,10,2019-10," £3,497,547,333 ",3497547333
#c72830,Sco,Scottish Widows,2019,Sep,9,2019-9," £3,466,103,000 ",3466103000
#c72830,Sco,Scottish Widows,2019,Aug,8,2019-8," £3,434,658,667 ",3434658667
#c72830,Sco,Scottish Widows,2019,Jul,7,2019-7," £3,403,214,333 ",3403214333
#c72830,Sco,Scottish Widows,2019,Jun,6,2019-6," £3,371,770,000 ",3371770000
#c72830,Sco,Scottish Widows,2019,May,5,2019-5," £3,340,325,667 ",3340325667
#c72830,Sco,Scottish Widows,2019,Apr,4,2019-4," £3,308,881,333 ",3308881333
#c72830,Sco,Scottish Widows,2019,Mar,3,2019-3," £3,277,437,000 ",3277437000
#c72830,Sco,Scottish Widows,2019,Feb,2,2019-2," £3,245,992,667 ",3245992667
#c72830,Sco,Scottish Widows,2019,Jan,1,2019-1," £3,214,548,333 ",3214548333
#c72830,Sco,Scottish Widows,2018,Dec,12,2018-12," £3,183,104,000 ",3183104000
#c72830,Sco,Scottish Widows,2018,Nov,11,2018-11," £3,127,116,417 ",3127116417
#c72830,Sco,Scottish Widows,2018,Oct,10,2018-10," £3,071,128,833 ",3071128833
#c72830,Sco,Scottish Widows,2018,Sep,9,2018-9," £3,015,141,250 ",3015141250
#c72830,Sco,Scottish Widows,2018,Aug,8,2018-8," £2,959,153,667 ",2959153667
#c72830,Sco,Scottish Widows,2018,Jul,7,2018-7," £2,903,166,083 ",2903166083
#c72830,Sco,Scottish Widows,2018,Jun,6,2018-6," £2,847,178,500 ",2847178500
#c72830,Sco,Scottish Widows,2018,May,5,2018-5," £2,791,190,917 ",2791190917
#c72830,Sco,Scottish Widows,2018,Apr,4,2018-4," £2,735,203,333 ",2735203333
#c72830,Sco,Scottish Widows,2018,Mar,3,2018-3," £2,679,215,750 ",2679215750
#c72830,Sco,Scottish Widows,2018,Feb,2,2018-2," £2,623,228,167 ",2623228167
#c72830,Sco,Scottish Widows,2018,Jan,1,2018-1," £2,567,240,583 ",2567240583
#c72830,Sco,Scottish Widows,2017,Dec,12,2017-12," £2,511,253,000 ",2511253000
#c72830,Sco,Scottish Widows,2017,Nov,11,2017-11," £2,511,989,750 ",2511989750
#c72830,Sco,Scottish Widows,2017,Oct,10,2017-10," £2,512,726,500 ",2512726500
#c72830,Sco,Scottish Widows,2017,Sep,9,2017-9," £2,513,463,250 ",2513463250
#c72830,Sco,Scottish Widows,2017,Aug,8,2017-8," £2,514,200,000 ",2514200000
#c72830,Sco,Scottish Widows,2017,Jul,7,2017-7," £2,514,936,750 ",2514936750
#c72830,Sco,Scottish Widows,2017,Jun,6,2017-6," £2,515,673,500 ",2515673500
#c72830,Sco,Scottish Widows,2017,May,5,2017-5," £2,516,410,250 ",2516410250
#c72830,Sco,Scottish Widows,2017,Apr,4,2017-4," £2,517,147,000 ",2517147000
#c72830,Sco,Scottish Widows,2017,Mar,3,2017-3," £2,517,883,750 ",2517883750
#c72830,Sco,Scottish Widows,2017,Feb,2,2017-2," £2,518,620,500 ",2518620500
#c72830,Sco,Scottish Widows,2017,Jan,1,2017-1," £2,519,357,250 ",2519357250
#c72830,Sco,Scottish Widows,2016,Dec,12,2016-12," £2,520,094,000 ",2520094000
#b80a2d,Can,Canada Life,2023,Dec,12,2023-12," £933,068,000 ",933068000
#b80a2d,Can,Canada Life,2023,Nov,11,2023-11," £928,014,417 ",928014417
#b80a2d,Can,Canada Life,2023,Oct,10,2023-10," £922,960,833 ",922960833
#b80a2d,Can,Canada Life,2023,Sep,9,2023-9," £917,907,250 ",917907250
#b80a2d,Can,Canada Life,2023,Aug,8,2023-8," £912,853,667 ",912853667
#b80a2d,Can,Canada Life,2023,Jul,7,2023-7," £907,800,083 ",907800083
#b80a2d,Can,Canada Life,2023,Jun,6,2023-6," £902,746,500 ",902746500
#b80a2d,Can,Canada Life,2023,May,5,2023-5," £897,692,917 ",897692917
#b80a2d,Can,Canada Life,2023,Apr,4,2023-4," £892,639,333 ",892639333
#b80a2d,Can,Canada Life,2023,Mar,3,2023-3," £887,585,750 ",887585750
#b80a2d,Can,Canada Life,2023,Feb,2,2023-2," £882,532,167 ",882532167
#b80a2d,Can,Canada Life,2023,Jan,1,2023-1," £877,478,583 ",877478583
#b80a2d,Can,Canada Life,2022,Dec,12,2022-12," £872,425,000 ",872425000
#b80a2d,Can,Canada Life,2022,Nov,11,2022-11," £896,541,250 ",896541250
#b80a2d,Can,Canada Life,2022,Oct,10,2022-10," £920,657,500 ",920657500
#b80a2d,Can,Canada Life,2022,Sep,9,2022-9," £944,773,750 ",944773750
#b80a2d,Can,Canada Life,2022,Aug,8,2022-8," £968,890,000 ",968890000
#b80a2d,Can,Canada Life,2022,Jul,7,2022-7," £993,006,250 ",993006250
#b80a2d,Can,Canada Life,2022,Jun,6,2022-6," £1,017,122,500 ",1017122500
#b80a2d,Can,Canada Life,2022,May,5,2022-5," £1,041,238,750 ",1041238750
#b80a2d,Can,Canada Life,2022,Apr,4,2022-4," £1,065,355,000 ",1065355000
#b80a2d,Can,Canada Life,2022,Mar,3,2022-3," £1,089,471,250 ",1089471250
#b80a2d,Can,Canada Life,2022,Feb,2,2022-2," £1,113,587,500 ",1113587500
#b80a2d,Can,Canada Life,2022,Jan,1,2022-1," £1,137,703,750 ",1137703750
#b80a2d,Can,Canada Life,2021,Dec,12,2021-12," £1,161,820,000 ",1161820000
#b80a2d,Can,Canada Life,2021,Nov,11,2021-11," £1,160,495,333 ",1160495333
#b80a2d,Can,Canada Life,2021,Oct,10,2021-10," £1,159,170,667 ",1159170667
#b80a2d,Can,Canada Life,2021,Sep,9,2021-9," £1,157,846,000 ",1157846000
#b80a2d,Can,Canada Life,2021,Aug,8,2021-8," £1,156,521,333 ",1156521333
#b80a2d,Can,Canada Life,2021,Jul,7,2021-7," £1,155,196,667 ",1155196667
#b80a2d,Can,Canada Life,2021,Jun,6,2021-6," £1,153,872,000 ",1153872000
#b80a2d,Can,Canada Life,2021,May,5,2021-5," £1,152,547,333 ",1152547333
#b80a2d,Can,Canada Life,2021,Apr,4,2021-4," £1,151,222,667 ",1151222667
#b80a2d,Can,Canada Life,2021,Mar,3,2021-3," £1,149,898,000 ",1149898000
#b80a2d,Can,Canada Life,2021,Feb,2,2021-2," £1,148,573,333 ",1148573333
#b80a2d,Can,Canada Life,2021,Jan,1,2021-1," £1,147,248,667 ",1147248667
#b80a2d,Can,Canada Life,2020,Dec,12,2020-12," £1,145,924,000 ",1145924000
#b80a2d,Can,Canada Life,2020,Nov,11,2020-11," £1,117,545,250 ",1117545250
#b80a2d,Can,Canada Life,2020,Oct,10,2020-10," £1,089,166,500 ",1089166500
#b80a2d,Can,Canada Life,2020,Sep,9,2020-9," £1,060,787,750 ",1060787750
#b80a2d,Can,Canada Life,2020,Aug,8,2020-8," £1,032,409,000 ",1032409000
#b80a2d,Can,Canada Life,2020,Jul,7,2020-7," £1,004,030,250 ",1004030250
#b80a2d,Can,Canada Life,2020,Jun,6,2020-6," £975,651,500 ",975651500
#b80a2d,Can,Canada Life,2020,May,5,2020-5," £947,272,750 ",947272750
#b80a2d,Can,Canada Life,2020,Apr,4,2020-4," £918,894,000 ",918894000
#b80a2d,Can,Canada Life,2020,Mar,3,2020-3," £890,515,250 ",890515250
#b80a2d,Can,Canada Life,2020,Feb,2,2020-2," £862,136,500 ",862136500
#b80a2d,Can,Canada Life,2020,Jan,1,2020-1," £833,757,750 ",833757750
#b80a2d,Can,Canada Life,2019,Dec,12,2019-12," £805,379,000 ",805379000
#b80a2d,Can,Canada Life,2019,Nov,11,2019-11," £756,345,000 ",756345000
#b80a2d,Can,Canada Life,2019,Oct,10,2019-10," £707,311,000 ",707311000
#b80a2d,Can,Canada Life,2019,Sep,9,2019-9," £658,277,000 ",658277000
#b80a2d,Can,Canada Life,2019,Aug,8,2019-8," £609,243,000 ",609243000
#b80a2d,Can,Canada Life,2019,Jul,7,2019-7," £560,209,000 ",560209000
#b80a2d,Can,Canada Life,2019,Jun,6,2019-6," £511,175,000 ",511175000
#b80a2d,Can,Canada Life,2019,May,5,2019-5," £462,141,000 ",462141000
#b80a2d,Can,Canada Life,2019,Apr,4,2019-4," £413,107,000 ",413107000
#b80a2d,Can,Canada Life,2019,Mar,3,2019-3," £364,073,000 ",364073000
#b80a2d,Can,Canada Life,2019,Feb,2,2019-2," £315,039,000 ",315039000
#b80a2d,Can,Canada Life,2019,Jan,1,2019-1," £266,005,000 ",266005000
#b80a2d,Can,Canada Life,2018,Dec,12,2018-12," £216,971,000 ",216971000
#b80a2d,Can,Canada Life,2018,Nov,11,2018-11," £220,823,583 ",220823583
#b80a2d,Can,Canada Life,2018,Oct,10,2018-10," £224,676,167 ",224676167
#b80a2d,Can,Canada Life,2018,Sep,9,2018-9," £228,528,750 ",228528750
#b80a2d,Can,Canada Life,2018,Aug,8,2018-8," £232,381,333 ",232381333
#b80a2d,Can,Canada Life,2018,Jul,7,2018-7," £236,233,917 ",236233917
#b80a2d,Can,Canada Life,2018,Jun,6,2018-6," £240,086,500 ",240086500
#b80a2d,Can,Canada Life,2018,May,5,2018-5," £243,939,083 ",243939083
#b80a2d,Can,Canada Life,2018,Apr,4,2018-4," £247,791,667 ",247791667
#b80a2d,Can,Canada Life,2018,Mar,3,2018-3," £251,644,250 ",251644250
#b80a2d,Can,Canada Life,2018,Feb,2,2018-2," £255,496,833 ",255496833
#b80a2d,Can,Canada Life,2018,Jan,1,2018-1," £259,349,417 ",259349417
#b80a2d,Can,Canada Life,2017,Dec,12,2017-12," £263,202,000 ",263202000
#b80a2d,Can,Canada Life,2017,Nov,11,2017-11," £264,054,667 ",264054667
#b80a2d,Can,Canada Life,2017,Oct,10,2017-10," £264,907,333 ",264907333
#b80a2d,Can,Canada Life,2017,Sep,9,2017-9," £265,760,000 ",265760000
#b80a2d,Can,Canada Life,2017,Aug,8,2017-8," £266,612,667 ",266612667
#b80a2d,Can,Canada Life,2017,Jul,7,2017-7," £267,465,333 ",267465333
#b80a2d,Can,Canada Life,2017,Jun,6,2017-6," £268,318,000 ",268318000
#b80a2d,Can,Canada Life,2017,May,5,2017-5," £269,170,667 ",269170667
#b80a2d,Can,Canada Life,2017,Apr,4,2017-4," £270,023,333 ",270023333
#b80a2d,Can,Canada Life,2017,Mar,3,2017-3," £270,876,000 ",270876000
#b80a2d,Can,Canada Life,2017,Feb,2,2017-2," £271,728,667 ",271728667
#b80a2d,Can,Canada Life,2017,Jan,1,2017-1," £272,581,333 ",272581333
#b80a2d,Can,Canada Life,2016,Dec,12,2016-12," £273,434,000 ",273434000
#de4d5f,Pho,Phoenix,2023,Dec,12,2023-12," £3,835,059,000 ",3835059000
#de4d5f,Pho,Phoenix,2023,Nov,11,2023-11," £3,733,266,667 ",3733266667
#de4d5f,Pho,Phoenix,2023,Oct,10,2023-10," £3,631,474,333 ",3631474333
#de4d5f,Pho,Phoenix,2023,Sep,9,2023-9," £3,529,682,000 ",3529682000
#de4d5f,Pho,Phoenix,2023,Aug,8,2023-8," £3,427,889,667 ",3427889667
#de4d5f,Pho,Phoenix,2023,Jul,7,2023-7," £3,326,097,333 ",3326097333
#de4d5f,Pho,Phoenix,2023,Jun,6,2023-6," £3,224,305,000 ",3224305000
#de4d5f,Pho,Phoenix,2023,May,5,2023-5," £3,122,512,667 ",3122512667
#de4d5f,Pho,Phoenix,2023,Apr,4,2023-4," £3,020,720,333 ",3020720333
#de4d5f,Pho,Phoenix,2023,Mar,3,2023-3," £2,918,928,000 ",2918928000
#de4d5f,Pho,Phoenix,2023,Feb,2,2023-2," £2,817,135,667 ",2817135667
#de4d5f,Pho,Phoenix,2023,Jan,1,2023-1," £2,715,343,333 ",2715343333
#de4d5f,Pho,Phoenix,2022,Dec,12,2022-12," £2,613,551,000 ",2613551000
#de4d5f,Pho,Phoenix,2022,Nov,11,2022-11," £2,677,394,583 ",2677394583.33333
#de4d5f,Pho,Phoenix,2022,Oct,10,2022-10," £2,741,238,167 ",2741238166.66667
#de4d5f,Pho,Phoenix,2022,Sep,9,2022-9," £2,805,081,750 ",2805081750
#de4d5f,Pho,Phoenix,2022,Aug,8,2022-8," £2,868,925,333 ",2868925333.33333
#de4d5f,Pho,Phoenix,2022,Jul,7,2022-7," £2,932,768,917 ",2932768916.66667
#de4d5f,Pho,Phoenix,2022,Jun,6,2022-6," £2,996,612,500 ",2996612500
#de4d5f,Pho,Phoenix,2022,May,5,2022-5," £3,060,456,083 ",3060456083.33333
#de4d5f,Pho,Phoenix,2022,Apr,4,2022-4," £3,124,299,667 ",3124299666.66667
#de4d5f,Pho,Phoenix,2022,Mar,3,2022-3," £3,188,143,250 ",3188143250
#de4d5f,Pho,Phoenix,2022,Feb,2,2022-2," £3,251,986,833 ",3251986833.33333
#de4d5f,Pho,Phoenix,2022,Jan,1,2022-1," £3,315,830,417 ",3315830416.66667
#de4d5f,Pho,Phoenix,2021,Dec,12,2021-12," £3,379,674,000 ",3379674000
#de4d5f,Pho,Phoenix,2021,Nov,11,2021-11," £3,370,665,583 ",3370665583.33333
#de4d5f,Pho,Phoenix,2021,Oct,10,2021-10," £3,361,657,167 ",3361657166.66667
#de4d5f,Pho,Phoenix,2021,Sep,9,2021-9," £3,352,648,750 ",3352648750
#de4d5f,Pho,Phoenix,2021,Aug,8,2021-8," £3,343,640,333 ",3343640333.33333
#de4d5f,Pho,Phoenix,2021,Jul,7,2021-7," £3,334,631,917 ",3334631916.66667
#de4d5f,Pho,Phoenix,2021,Jun,6,2021-6," £3,325,623,500 ",3325623500
#de4d5f,Pho,Phoenix,2021,May,5,2021-5," £3,316,615,083 ",3316615083.33333
#de4d5f,Pho,Phoenix,2021,Apr,4,2021-4," £3,307,606,667 ",3307606666.66667
#de4d5f,Pho,Phoenix,2021,Mar,3,2021-3," £3,298,598,250 ",3298598250
#de4d5f,Pho,Phoenix,2021,Feb,2,2021-2," £3,289,589,833 ",3289589833.33333
#de4d5f,Pho,Phoenix,2021,Jan,1,2021-1," £3,280,581,417 ",3280581416.66667
#de4d5f,Pho,Phoenix,2020,Dec,12,2020-12," £3,271,573,000 ",3271573000
#de4d5f,Pho,Phoenix,2020,Nov,11,2020-11," £3,132,019,083 ",3132019083
#de4d5f,Pho,Phoenix,2020,Oct,10,2020-10," £2,992,465,167 ",2992465167
#de4d5f,Pho,Phoenix,2020,Sep,9,2020-9," £2,852,911,250 ",2852911250
#de4d5f,Pho,Phoenix,2020,Aug,8,2020-8," £2,713,357,333 ",2713357333
#de4d5f,Pho,Phoenix,2020,Jul,7,2020-7," £2,573,803,417 ",2573803417
#de4d5f,Pho,Phoenix,2020,Jun,6,2020-6," £2,434,249,500 ",2434249500
#de4d5f,Pho,Phoenix,2020,May,5,2020-5," £2,294,695,583 ",2294695583
#de4d5f,Pho,Phoenix,2020,Apr,4,2020-4," £2,155,141,667 ",2155141667
#de4d5f,Pho,Phoenix,2020,Mar,3,2020-3," £2,015,587,750 ",2015587750
#de4d5f,Pho,Phoenix,2020,Feb,2,2020-2," £1,876,033,833 ",1876033833
#de4d5f,Pho,Phoenix,2020,Jan,1,2020-1," £1,736,479,917 ",1736479917
#de4d5f,Pho,Phoenix,2019,Dec,12,2019-12," £1,596,926,000 ",1596926000
#de4d5f,Pho,Phoenix,2019,Nov,11,2019-11," £1,572,275,417 ",1572275417
#de4d5f,Pho,Phoenix,2019,Oct,10,2019-10," £1,547,624,833 ",1547624833
#de4d5f,Pho,Phoenix,2019,Sep,9,2019-9," £1,522,974,250 ",1522974250
#de4d5f,Pho,Phoenix,2019,Aug,8,2019-8," £1,498,323,667 ",1498323667
#de4d5f,Pho,Phoenix,2019,Jul,7,2019-7," £1,473,673,083 ",1473673083
#de4d5f,Pho,Phoenix,2019,Jun,6,2019-6," £1,449,022,500 ",1449022500
#de4d5f,Pho,Phoenix,2019,May,5,2019-5," £1,424,371,917 ",1424371917
#de4d5f,Pho,Phoenix,2019,Apr,4,2019-4," £1,399,721,333 ",1399721333
#de4d5f,Pho,Phoenix,2019,Mar,3,2019-3," £1,375,070,750 ",1375070750
#de4d5f,Pho,Phoenix,2019,Feb,2,2019-2," £1,350,420,167 ",1350420167
#de4d5f,Pho,Phoenix,2019,Jan,1,2019-1," £1,325,769,583 ",1325769583
#de4d5f,Pho,Phoenix,2018,Dec,12,2018-12," £1,301,119,000 ",1301119000
#de4d5f,Pho,Phoenix,2018,Nov,11,2018-11," £1,269,471,000 ",1269471000
#de4d5f,Pho,Phoenix,2018,Oct,10,2018-10," £1,237,823,000 ",1237823000
#de4d5f,Pho,Phoenix,2018,Sep,9,2018-9," £1,206,175,000 ",1206175000
#de4d5f,Pho,Phoenix,2018,Aug,8,2018-8," £1,174,527,000 ",1174527000
#de4d5f,Pho,Phoenix,2018,Jul,7,2018-7," £1,142,879,000 ",1142879000
#de4d5f,Pho,Phoenix,2018,Jun,6,2018-6," £1,111,231,000 ",1111231000
#de4d5f,Pho,Phoenix,2018,May,5,2018-5," £1,079,583,000 ",1079583000
#de4d5f,Pho,Phoenix,2018,Apr,4,2018-4," £1,047,935,000 ",1047935000
#de4d5f,Pho,Phoenix,2018,Mar,3,2018-3," £1,016,287,000 ",1016287000
#de4d5f,Pho,Phoenix,2018,Feb,2,2018-2," £984,639,000 ",984639000
#de4d5f,Pho,Phoenix,2018,Jan,1,2018-1," £952,991,000 ",952991000
#de4d5f,Pho,Phoenix,2017,Dec,12,2017-12," £921,343,000 ",921343000
#de4d5f,Pho,Phoenix,2017,Nov,11,2017-11," £914,650,167 ",914650167
#de4d5f,Pho,Phoenix,2017,Oct,10,2017-10," £907,957,333 ",907957333
#de4d5f,Pho,Phoenix,2017,Sep,9,2017-9," £901,264,500 ",901264500
#de4d5f,Pho,Phoenix,2017,Aug,8,2017-8," £894,571,667 ",894571667
#de4d5f,Pho,Phoenix,2017,Jul,7,2017-7," £887,878,833 ",887878833
#de4d5f,Pho,Phoenix,2017,Jun,6,2017-6," £881,186,000 ",881186000
#de4d5f,Pho,Phoenix,2017,May,5,2017-5," £874,493,167 ",874493167
#de4d5f,Pho,Phoenix,2017,Apr,4,2017-4," £867,800,333 ",867800333
#de4d5f,Pho,Phoenix,2017,Mar,3,2017-3," £861,107,500 ",861107500
#de4d5f,Pho,Phoenix,2017,Feb,2,2017-2," £854,414,667 ",854414667
#de4d5f,Pho,Phoenix,2017,Jan,1,2017-1," £847,721,833 ",847721833
#de4d5f,Pho,Phoenix,2016,Dec,12,2016-12," £841,029,000 ",841029000
#2F3F8C,ReA,ReAssure,2019,Dec,12,2019-12," £1,704,814,000 ",1704814000
#2F3F8C,ReA,ReAssure,2019,Nov,11,2019-11," £1,699,797,167 ",1699797167
#2F3F8C,ReA,ReAssure,2019,Oct,10,2019-10," £1,694,780,333 ",1694780333
#2F3F8C,ReA,ReAssure,2019,Sep,9,2019-9," £1,689,763,500 ",1689763500
#2F3F8C,ReA,ReAssure,2019,Aug,8,2019-8," £1,684,746,667 ",1684746667
#2F3F8C,ReA,ReAssure,2019,Jul,7,2019-7," £1,679,729,833 ",1679729833
#2F3F8C,ReA,ReAssure,2019,Jun,6,2019-6," £1,674,713,000 ",1674713000
#2F3F8C,ReA,ReAssure,2019,May,5,2019-5," £1,669,696,167 ",1669696167
#2F3F8C,ReA,ReAssure,2019,Apr,4,2019-4," £1,664,679,333 ",1664679333
#2F3F8C,ReA,ReAssure,2019,Mar,3,2019-3," £1,659,662,500 ",1659662500
#2F3F8C,ReA,ReAssure,2019,Feb,2,2019-2," £1,654,645,667 ",1654645667
#2F3F8C,ReA,ReAssure,2019,Jan,1,2019-1," £1,649,628,833 ",1649628833
#2F3F8C,ReA,ReAssure,2018,Dec,12,2018-12," £1,644,612,000 ",1644612000
#2F3F8C,ReA,ReAssure,2018,Nov,11,2018-11," £1,558,981,667 ",1558981667
#2F3F8C,ReA,ReAssure,2018,Oct,10,2018-10," £1,473,351,333 ",1473351333
#2F3F8C,ReA,ReAssure,2018,Sep,9,2018-9," £1,387,721,000 ",1387721000
#2F3F8C,ReA,ReAssure,2018,Aug,8,2018-8," £1,302,090,667 ",1302090667
#2F3F8C,ReA,ReAssure,2018,Jul,7,2018-7," £1,216,460,333 ",1216460333
#2F3F8C,ReA,ReAssure,2018,Jun,6,2018-6," £1,130,830,000 ",1130830000
#2F3F8C,ReA,ReAssure,2018,May,5,2018-5," £1,045,199,667 ",1045199667
#2F3F8C,ReA,ReAssure,2018,Apr,4,2018-4," £959,569,333 ",959569333
#2F3F8C,ReA,ReAssure,2018,Mar,3,2018-3," £873,939,000 ",873939000
#2F3F8C,ReA,ReAssure,2018,Feb,2,2018-2," £788,308,667 ",788308667
#2F3F8C,ReA,ReAssure,2018,Jan,1,2018-1," £702,678,333 ",702678333
#2F3F8C,ReA,ReAssure,2017,Dec,12,2017-12," £617,048,000 ",617048000
#2F3F8C,ReA,ReAssure,2017,Nov,11,2017-11," £605,709,167 ",605709167
#2F3F8C,ReA,ReAssure,2017,Oct,10,2017-10," £594,370,333 ",594370333
#2F3F8C,ReA,ReAssure,2017,Sep,9,2017-9," £583,031,500 ",583031500
#2F3F8C,ReA,ReAssure,2017,Aug,8,2017-8," £571,692,667 ",571692667
#2F3F8C,ReA,ReAssure,2017,Jul,7,2017-7," £560,353,833 ",560353833
#2F3F8C,ReA,ReAssure,2017,Jun,6,2017-6," £549,015,000 ",549015000
#2F3F8C,ReA,ReAssure,2017,May,5,2017-5," £537,676,167 ",537676167
#2F3F8C,ReA,ReAssure,2017,Apr,4,2017-4," £526,337,333 ",526337333
#2F3F8C,ReA,ReAssure,2017,Mar,3,2017-3," £514,998,500 ",514998500
#2F3F8C,ReA,ReAssure,2017,Feb,2,2017-2," £503,659,667 ",503659667
#2F3F8C,ReA,ReAssure,2017,Jan,1,2017-1," £492,320,833 ",492320833
#2F3F8C,ReA,ReAssure,2016,Dec,12,2016-12," £480,982,000 ",480982000
#411E50,Roy,Royal London,2023,Dec,12,2023-12," £187,508,000 ",187508000
#411E50,Roy,Royal London,2023,Nov,11,2023-11," £179,878,833 ",179878833
#411E50,Roy,Royal London,2023,Oct,10,2023-10," £172,249,667 ",172249667
#411E50,Roy,Royal London,2023,Sep,9,2023-9," £164,620,500 ",164620500
#411E50,Roy,Royal London,2023,Aug,8,2023-8," £156,991,333 ",156991333
#411E50,Roy,Royal London,2023,Jul,7,2023-7," £149,362,167 ",149362167
#411E50,Roy,Royal London,2023,Jun,6,2023-6," £141,733,000 ",141733000
#411E50,Roy,Royal London,2023,May,5,2023-5," £134,103,833 ",134103833
#411E50,Roy,Royal London,2023,Apr,4,2023-4," £126,474,667 ",126474667
#411E50,Roy,Royal London,2023,Mar,3,2023-3," £118,845,500 ",118845500
#411E50,Roy,Royal London,2023,Feb,2,2023-2," £111,216,333 ",111216333
#411E50,Roy,Royal London,2023,Jan,1,2023-1," £103,587,167 ",103587167
#411E50,Roy,Royal London,2022,Dec,12,2022-12," £95,958,000 ",95958000
#411E50,Roy,Royal London,2022,Nov,11,2022-11," £93,522,083 ",93522083
#411E50,Roy,Royal London,2022,Oct,10,2022-10," £91,086,167 ",91086167
#411E50,Roy,Royal London,2022,Sep,9,2022-9," £88,650,250 ",88650250
#411E50,Roy,Royal London,2022,Aug,8,2022-8," £86,214,333 ",86214333
#411E50,Roy,Royal London,2022,Jul,7,2022-7," £83,778,417 ",83778417
#411E50,Roy,Royal London,2022,Jun,6,2022-6," £81,342,500 ",81342500
#411E50,Roy,Royal London,2022,May,5,2022-5," £78,906,583 ",78906583
#411E50,Roy,Royal London,2022,Apr,4,2022-4," £76,470,667 ",76470667
#411E50,Roy,Royal London,2022,Mar,3,2022-3," £74,034,750 ",74034750
#411E50,Roy,Royal London,2022,Feb,2,2022-2," £71,598,833 ",71598833
#411E50,Roy,Royal London,2022,Jan,1,2022-1," £69,162,917 ",69162917
#411E50,Roy,Royal London,2021,Dec,12,2021-12," £66,727,000 ",66727000
#006666,M&G,M&G,2023,Dec,12,2023-12," £3,153,267,000 ",3153267000
#006666,M&G,M&G,2023,Nov,11,2023-11," £3,145,720,917 ",3145720917
#006666,M&G,M&G,2023,Oct,10,2023-10," £3,138,174,833 ",3138174833
#006666,M&G,M&G,2023,Sep,9,2023-9," £3,130,628,750 ",3130628750
#006666,M&G,M&G,2023,Aug,8,2023-8," £3,123,082,667 ",3123082667
#006666,M&G,M&G,2023,Jul,7,2023-7," £3,115,536,583 ",3115536583
#006666,M&G,M&G,2023,Jun,6,2023-6," £3,107,990,500 ",3107990500
#006666,M&G,M&G,2023,May,5,2023-5," £3,100,444,417 ",3100444417
#006666,M&G,M&G,2023,Apr,4,2023-4," £3,092,898,333 ",3092898333
#006666,M&G,M&G,2023,Mar,3,2023-3," £3,085,352,250 ",3085352250
#006666,M&G,M&G,2023,Feb,2,2023-2," £3,077,806,167 ",3077806167
#006666,M&G,M&G,2023,Jan,1,2023-1," £3,070,260,083 ",3070260083
#006666,M&G,M&G,2022,Dec,12,2022-12," £3,062,714,000 ",3062714000
#006666,M&G,M&G,2022,Nov,11,2022-11," £3,116,432,417 ",3116432417
#006666,M&G,M&G,2022,Oct,10,2022-10," £3,170,150,833 ",3170150833
#006666,M&G,M&G,2022,Sep,9,2022-9," £3,223,869,250 ",3223869250
#006666,M&G,M&G,2022,Aug,8,2022-8," £3,277,587,667 ",3277587667
#006666,M&G,M&G,2022,Jul,7,2022-7," £3,331,306,083 ",3331306083
#006666,M&G,M&G,2022,Jun,6,2022-6," £3,385,024,500 ",3385024500
#006666,M&G,M&G,2022,May,5,2022-5," £3,438,742,917 ",3438742917
#006666,M&G,M&G,2022,Apr,4,2022-4," £3,492,461,333 ",3492461333
#006666,M&G,M&G,2022,Mar,3,2022-3," £3,546,179,750 ",3546179750
#006666,M&G,M&G,2022,Feb,2,2022-2," £3,599,898,167 ",3599898167
#006666,M&G,M&G,2022,Jan,1,2022-1," £3,653,616,583 ",3653616583
#006666,M&G,M&G,2021,Dec,12,2021-12," £3,707,335,000 ",3707335000
#006666,M&G,M&G,2021,Nov,11,2021-11," £3,676,333,500 ",3676333500
#006666,M&G,M&G,2021,Oct,10,2021-10," £3,645,332,000 ",3645332000
#006666,M&G,M&G,2021,Sep,9,2021-9," £3,614,330,500 ",3614330500
#006666,M&G,M&G,2021,Aug,8,2021-8," £3,583,329,000 ",3583329000
#006666,M&G,M&G,2021,Jul,7,2021-7," £3,552,327,500 ",3552327500
#006666,M&G,M&G,2021,Jun,6,2021-6," £3,521,326,000 ",3521326000
#006666,M&G,M&G,2021,May,5,2021-5," £3,490,324,500 ",3490324500
#006666,M&G,M&G,2021,Apr,4,2021-4," £3,459,323,000 ",3459323000
#006666,M&G,M&G,2021,Mar,3,2021-3," £3,428,321,500 ",3428321500
#006666,M&G,M&G,2021,Feb,2,2021-2," £3,397,320,000 ",3397320000
#006666,M&G,M&G,2021,Jan,1,2021-1," £3,366,318,500 ",3366318500
#006666,M&G,M&G,2020,Dec,12,2020-12," £3,335,317,000 ",3335317000
#006666,M&G,M&G,2020,Nov,11,2020-11," £3,337,948,000 ",3337948000
#006666,M&G,M&G,2020,Oct,10,2020-10," £3,340,579,000 ",3340579000
#006666,M&G,M&G,2020,Sep,9,2020-9," £3,343,210,000 ",3343210000
#006666,M&G,M&G,2020,Aug,8,2020-8," £3,345,841,000 ",3345841000
#006666,M&G,M&G,2020,Jul,7,2020-7," £3,348,472,000 ",3348472000
#006666,M&G,M&G,2020,Jun,6,2020-6," £3,351,103,000 ",3351103000
#006666,M&G,M&G,2020,May,5,2020-5," £3,353,734,000 ",3353734000
#006666,M&G,M&G,2020,Apr,4,2020-4," £3,356,365,000 ",3356365000
#006666,M&G,M&G,2020,Mar,3,2020-3," £3,358,996,000 ",3358996000
#006666,M&G,M&G,2020,Feb,2,2020-2," £3,361,627,000 ",3361627000
#006666,M&G,M&G,2020,Jan,1,2020-1," £3,364,258,000 ",3364258000
#006666,M&G,M&G,2019,Dec,12,2019-12," £3,366,889,000 ",3366889000
#006666,M&G,M&G,2019,Nov,11,2019-11," £3,347,012,667 ",3347012667
#006666,M&G,M&G,2019,Oct,10,2019-10," £3,327,136,333 ",3327136333
#006666,M&G,M&G,2019,Sep,9,2019-9," £3,307,260,000 ",3307260000
#006666,M&G,M&G,2019,Aug,8,2019-8," £3,287,383,667 ",3287383667
#006666,M&G,M&G,2019,Jul,7,2019-7," £3,267,507,333 ",3267507333
#006666,M&G,M&G,2019,Jun,6,2019-6," £3,247,631,000 ",3247631000
#006666,M&G,M&G,2019,May,5,2019-5," £3,227,754,667 ",3227754667
#006666,M&G,M&G,2019,Apr,4,2019-4," £3,207,878,333 ",3207878333
#006666,M&G,M&G,2019,Mar,3,2019-3," £3,188,002,000 ",3188002000
#006666,M&G,M&G,2019,Feb,2,2019-2," £3,168,125,667 ",3168125667
#006666,M&G,M&G,2019,Jan,1,2019-1," £3,148,249,333 ",3148249333
#AF2005,Pru,Pru,2018,Dec,12,2018-12," £3,128,373,000 ",3128373000
#AF2005,Pru,Pru,2018,Nov,11,2018-11," £3,286,973,167 ",3286973167
#AF2005,Pru,Pru,2018,Oct,10,2018-10," £3,445,573,333 ",3445573333
#AF2005,Pru,Pru,2018,Sep,9,2018-9," £3,604,173,500 ",3604173500
#AF2005,Pru,Pru,2018,Aug,8,2018-8," £3,762,773,667 ",3762773667
#AF2005,Pru,Pru,2018,Jul,7,2018-7," £3,921,373,833 ",3921373833
#AF2005,Pru,Pru,2018,Jun,6,2018-6," £4,079,974,000 ",4079974000
#AF2005,Pru,Pru,2018,May,5,2018-5," £4,238,574,167 ",4238574167
#AF2005,Pru,Pru,2018,Apr,4,2018-4," £4,397,174,333 ",4397174333
#AF2005,Pru,Pru,2018,Mar,3,2018-3," £4,555,774,500 ",4555774500
#AF2005,Pru,Pru,2018,Feb,2,2018-2," £4,714,374,667 ",4714374667
#AF2005,Pru,Pru,2018,Jan,1,2018-1," £4,872,974,833 ",4872974833
#AF2005,Pru,Pru,2017,Dec,12,2017-12," £5,031,575,000 ",5031575000
#AF2005,Pru,Pru,2017,Nov,11,2017-11," £4,984,135,333 ",4984135333
#AF2005,Pru,Pru,2017,Oct,10,2017-10," £4,936,695,667 ",4936695667
#AF2005,Pru,Pru,2017,Sep,9,2017-9," £4,889,256,000 ",4889256000
#AF2005,Pru,Pru,2017,Aug,8,2017-8," £4,841,816,333 ",4841816333
#AF2005,Pru,Pru,2017,Jul,7,2017-7," £4,794,376,667 ",4794376667
#AF2005,Pru,Pru,2017,Jun,6,2017-6," £4,746,937,000 ",4746937000
#AF2005,Pru,Pru,2017,May,5,2017-5," £4,699,497,333 ",4699497333
#AF2005,Pru,Pru,2017,Apr,4,2017-4," £4,652,057,667 ",4652057667
#AF2005,Pru,Pru,2017,Mar,3,2017-3," £4,604,618,000 ",4604618000
#AF2005,Pru,Pru,2017,Feb,2,2017-2," £4,557,178,333 ",4557178333
#AF2005,Pru,Pru,2017,Jan,1,2017-1," £4,509,738,667 ",4509738667
#AF2005,Pru,Pru,2016,Dec,12,2016-12," £4,462,299,000 ",4462299000
